Metric,Score
Accuracy,0.9523809523809523
Precision,1.0
Recall,0.5
F1 Score,0.6666666666666666
ROC AUC,0.9736842105263159
