Feature,Importance
Jun-Sep,0.48864892561372364
ANNUAL,0.24530658088649113
sub,0.11649412068523217
avgjune,0.0431840363639411
Cloud Cover,0.03637384793224073
Oct-Dec,0.024166854766061636
Jan-Feb,0.02055356765955031
Mar-May,0.015150892856442054
Temp,0.007027321629963508
Humidity,0.00309385160635373
