Model,Accuracy,Precision,Recall,F1 Score,ROC-AUC
Random Forest,0.9523809523809523,1.0,0.5,0.6666666666666666,0.9736842105263159
Logistic Regression,0.9047619047619048,0.5,0.5,0.5,0.9736842105263158
CatBoost,0.9523809523809523,1.0,0.5,0.6666666666666666,0.9736842105263158
Decision Tree,0.9523809523809523,1.0,0.5,0.6666666666666666,0.75
Gradient Boosting,0.9523809523809523,1.0,0.5,0.6666666666666666,0.75
XGBoost,0.9523809523809523,1.0,0.5,0.6666666666666666,0.75
